any	gcp	/home/core/docker-auth.sh	/usr/lib/workbench/butane/gcp/docker-auth.sh
any	gcp	/home/core/metadata-utils.sh	/usr/lib/workbench/butane/gcp/metadata-utils.sh
any	gcp	/home/core/wb/values.sh	/usr/lib/workbench/butane/gcp/wb-values.sh
any	gcp	/opt/bin/docker-credential-workbench-secret	/usr/lib/workbench/butane/gcp/docker-credential-workbench-secret
runtime	gcp	/etc/fluent-bit.conf	/usr/lib/workbench/butane/gcp/fluent-bit.conf
any	aws	/home/core/docker-auth.sh	/usr/lib/workbench/butane/aws/docker-auth.sh
any	aws	/home/core/metadata-utils.sh	/usr/lib/workbench/butane/aws/metadata-utils.sh
any	aws	/home/core/wb/values.sh	/usr/lib/workbench/butane/aws/wb-values.sh
any	aws	/opt/bin/docker-credential-workbench-secret	/usr/lib/workbench/butane/aws/docker-credential-workbench-secret
runtime	aws	/etc/fluent-bit.conf	/usr/lib/workbench/butane/aws/fluent-bit.conf
any	aws	/home/core/docker-repositories.sh	/usr/lib/workbench/butane/aws/docker-repositories.sh
any	aws	/opt/bin/docker-credential-workbench-ecr	/usr/lib/workbench/butane/aws/credential-helper.sh
any	any	/home/core/install-node.sh	/usr/lib/workbench/butane/010-install-node.sh
any	any	/home/core/create-docker-network.sh	/usr/lib/workbench/butane/020-create-docker-network.sh
any	any	/home/core/configure-wb.sh	/usr/lib/workbench/butane/030-configure-wb.sh
any	any	/home/core/register-key.sh	/usr/lib/workbench/butane/035-register-key.sh
any	any	/home/core/git-clone-devcontainer.sh	/usr/lib/workbench/butane/040-git-clone-devcontainer.sh
any	any	/home/core/parse-devcontainer.sh	/usr/lib/workbench/butane/050-parse-devcontainer.sh
any	any	/home/core/provide-secrets.sh	/usr/lib/workbench/butane/055-provide-secrets.sh
any	any	/home/core/start-proxy-agent.sh	/usr/lib/workbench/butane/060-start-proxy-agent.sh
any	any	/home/core/devcontainer.sh	/usr/lib/workbench/butane/devcontainer.sh
any	any	/home/core/pre-devcontainer.sh	/usr/lib/workbench/butane/pre-devcontainer.sh
any	any	/home/core/devcontainer-failure-handler.sh	/usr/lib/workbench/butane/devcontainer-failure-handler.sh
any	any	/home/core/package.json	/usr/lib/workbench/butane/package.json
any	any	/home/core/package-lock.json	/usr/lib/workbench/butane/package-lock.json
any	any	/home/core/jsoncStripComments.mjs	/usr/lib/workbench/butane/jsoncStripComments.mjs
any	any	/home/core/probe-proxy-readiness.sh	/usr/lib/workbench/butane/probe-proxy-readiness.sh
any	any	/home/core/container-utils.sh	/usr/lib/workbench/butane/container-utils.sh
any	any	/home/core/probe-user-access.sh	/usr/lib/workbench/butane/probe-user-access.sh
any	any	/home/core/idle-shutdown.sh	/usr/lib/workbench/butane/idle-shutdown.sh
any	any	/home/core/prefetch-oci-features.sh	/usr/lib/workbench/butane/prefetch-oci-features.sh
any	any	/home/core/update-flatcar.sh	/usr/lib/workbench/butane/update-flatcar.sh
any	any	/home/core/metadata-cleanup.sh	/usr/lib/workbench/butane/metadata-cleanup.sh
any	any	/home/core/monitoring-utils.sh	/usr/lib/workbench/butane/monitoring-utils.sh
any	any	/home/core/machine-stats-exporter.sh	/usr/lib/workbench/butane/machine-stats-exporter.sh
any	any	/home/core/service-utils.sh	/usr/lib/workbench/butane/service-utils.sh
any	any	/home/core/secret-utils.sh	/usr/lib/workbench/butane/secret-utils.sh
any	any	/home/core/docker-credential-secrets.sh	/usr/lib/workbench/butane/docker-credential-secrets.sh
any	any	/home/core/docker-auth-secrets.sh	/usr/lib/workbench/butane/docker-auth-secrets.sh
any	any	/home/core/run-fluent-bit.sh	/usr/lib/workbench/butane/run-fluent-bit.sh
runtime	any	/etc/fluent-bit/severity.lua	/usr/lib/workbench/butane/severity.lua
any	any	/home/core/wb/Dockerfile	/usr/lib/workbench/butane/wb/Dockerfile
any	any	/home/core/wb.sh	/usr/lib/workbench/butane/wb/wb.sh
any	any	/oem/bin/oem-postinst	/usr/lib/workbench/butane/oem-postinst
cache	any	/home/core/prepare-devcontainer-cache.sh	/usr/lib/workbench/butane/prepare-devcontainer-cache.sh
cache	any	/etc/systemd/system/devcontainer.service	/usr/lib/systemd/system/workbench/cache/devcontainer.service
any	any	/etc/systemd/system/devcontainer-failure-handler.service	/usr/lib/systemd/system/workbench/common/devcontainer-failure-handler.service
runtime	any	/etc/systemd/system/check-for-newer-os-update.service	/usr/lib/systemd/system/workbench/runtime/check-for-newer-os-update.service
runtime	any	/etc/systemd/system/check-for-newer-os-update.timer	/usr/lib/systemd/system/workbench/runtime/check-for-newer-os-update.timer
runtime	any	/etc/systemd/system/cleanup.service	/usr/lib/systemd/system/workbench/runtime/cleanup.service
runtime	any	/etc/systemd/system/devcontainer.service	/usr/lib/systemd/system/workbench/runtime/devcontainer.service
runtime	any	/etc/systemd/system/fluentbit.service	/usr/lib/systemd/system/workbench/runtime/fluentbit.service
runtime	any	/etc/systemd/system/idle-shutdown.service	/usr/lib/systemd/system/workbench/runtime/idle-shutdown.service
runtime	any	/etc/systemd/system/idle-shutdown.timer	/usr/lib/systemd/system/workbench/runtime/idle-shutdown.timer
runtime	any	/etc/systemd/system/machine-stats-exporter.service	/usr/lib/systemd/system/workbench/runtime/machine-stats-exporter.service
runtime	any	/etc/systemd/system/machine-stats-exporter.timer	/usr/lib/systemd/system/workbench/runtime/machine-stats-exporter.timer
runtime	any	/etc/systemd/system/proxy-prober.service	/usr/lib/systemd/system/workbench/runtime/proxy-prober.service
runtime	any	/etc/systemd/system/proxy-prober.timer	/usr/lib/systemd/system/workbench/runtime/proxy-prober.timer
runtime	any	/etc/systemd/system/proxy-readiness.service	/usr/lib/systemd/system/workbench/runtime/proxy-readiness.service
